{
  "lorenz": {
    "pure_unitary": {
      "mean": 1.0246577051428178,
      "std": 0.0023594041408283445,
      "n": 2,
      "ci95_low": 1.0034592999888998,
      "ci95_high": 1.0458561102967359,
      "values": [
        1.0229893544752786,
        1.0263260558103573
      ]
    },
    "dissipative": {
      "mean": 0.9629388994858274,
      "std": 0.039645682173280676,
      "n": 2,
      "ci95_low": 0.6067365775650007,
      "ci95_high": 1.3191412214066542,
      "values": [
        0.9909726301953208,
        0.934905168776334
      ]
    },
    "esn_13": {
      "mean": 0.05,
      "std": 0.0,
      "n": 2,
      "ci95_low": NaN,
      "ci95_high": NaN,
      "values": [
        0.05,
        0.05
      ]
    },
    "esn_52": {
      "mean": 0.02,
      "std": 0.0,
      "n": 2,
      "ci95_low": NaN,
      "ci95_high": NaN,
      "values": [
        0.02,
        0.02
      ]
    },
    "esn_vs_tqrc": {
      "t_statistic": -32.56572979695022,
      "p_value": 0.01954262330380625,
      "significant": 