{
  "lorenz": {
    "pure_unitary": {
      "mean": 1.0244757830505213,
      "std": 0.001697845956756814,
      "n": 3,
      "ci95_low": 1.0202580998806512,
      "ci95_high": 1.0286934662203915,
      "values": [
        1.0229893544752786,
        1.0263260558103573,
        1.0241119388659288
      ]
    },
    "dissipative": {
      "mean": 0.9807139978714986,
      "std": 0.04163835281748395,
      "n": 3,
      "ci95_low": 0.8772785953837029,
      "ci95_high": 1.0841494003592942,
      "values": [
        0.9909726301953208,
        0.934905168776334,
        1.0162641946428412
      ]
    },
    "esn_13": {
      "mean": 0.05000000000000001,
      "std": 8.498374721940739e-18,
      "n": 3,
      "ci95_low": 0.04999999999999999,
      "ci95_high": 0.05000000000000003,
      "values": [
        0.05,
        0.05,
        0.05
      ]
    },
    "esn_52": {
      "mean": 0.02,
      "std": 0.0,
      "n": 3,
      "ci95_low": 0.02,
      "ci95_high": 0.02,
      "values": [
        0.02,
        0.02,
        0.02
      ]
    },
    "esn_vs_tqrc": {
      "t_statistic": -38.71536270166984,
      "p_value": 0.0006664982014963078,
      "significant": true
    },
    "esn52_vs_tqrc": {
      "t_statistic": -39.96328728828432,
      "p_value": 0.0006255613731279447,
      "significant": true
    }
  }
}